{"modelId":"22407a96b893a9d2","request":{"model":"mlp","trainTiles":["18NWG_6_6_2022_train","18NWG_6_6_2023_train"],"valTile":null,"testTile":"18NWG_6_6_2024_train","labelSource":"gladl","samplePerTile":2000,"seed":42,"version":2},"trainSamples":4000,"trainPositive":2000,"valMetrics":null,"testMetrics":{"supported":true,"samples":2000,"precision":0.3333333333333333,"recall":0.5957446808510638,"f1":0.42748091603053434,"confusion":{"tn":1794,"fp":112,"fn":38,"tp":56},"rocAuc":0.8870922730012727},"tile":{"id":"18NWG_6_6","year":2024,"split":"train","height":1004,"width":998},"fromCache":false}