{"modelId":"63d263e2536b6c48","request":{"model":"mlp","trainTiles":["18NWG_6_6_2022_train","18NWG_6_6_2023_train"],"valTile":"18NWG_6_6_2024_train","testTile":"18NWG_6_6_2025_train","labelSource":"gladl","samplePerTile":1500,"seed":42,"version":2},"trainSamples":3000,"trainPositive":1500,"valMetrics":{"supported":true,"samples":1500,"precision":0.2608695652173913,"recall":0.6176470588235294,"f1":0.36681222707423583,"confusion":{"tn":1313,"fp":119,"fn":26,"tp":42},"rocAuc":0.9056954485704897},"testMetrics":{"supported":true,"samples":1500,"precision":0.17537313432835822,"recall":0.6025641025641025,"f1":0.27167630057803466,"confusion":{"tn":1201,"fp":221,"fn":31,"tp":47},"rocAuc":0.8071603736160698},"tile":{"id":"18NWG_6_6","year":2025,"split":"train","height":1004,"width":998},"fromCache":false}